{
	"isTagFor": [
	"kamenridercraft:mukade_medal",
	"kamenridercraft:hachi_medal",
	"kamenridercraft:ari_medal",
	"kamenridercraft:ebi_new_medal",
	"kamenridercraft:kani_new_medal",
	"kamenridercraft:sasori_new_medal",
	"kamenridercraft:same_medal",
	"kamenridercraft:kujira_medal",
	"kamenridercraft:ookamiuo_medal",
	"kamenridercraft:shika_medal",
	"kamenridercraft:gazelle_medal",
	"kamenridercraft:ushi_medal",
	"kamenridercraft:seiuchi_medal",
	"kamenridercraft:shirokuma_medal",
	"kamenridercraft:penguin_medal",
	"kamenridercraft:love_core_medal",
	"kamenridercraft:love_core2_medal",
	"kamenridercraft:love_core3_medal"
  ],
    "requirements": {
        "USE": {
            "oooexperience": 85
        },
		"WEAPON": {
            "oooexperience": 55
        }
    }
}