{
    "isTagFor":[
	"kamenridercraft:desire_driver_geats",
    "kamenridercraft:desire_driver_tycoon",
    "kamenridercraft:desire_driver_na_go",
    "kamenridercraft:desire_driver_buffa",
    "kamenridercraft:desire_driver_shirowe",
    "kamenridercraft:desire_driver_da_paan",
    "kamenridercraft:desire_driver_mary",
    "kamenridercraft:desire_driver_ginpen",
    "kamenridercraft:desire_driver_punkjack",
    "kamenridercraft:desire_driver_keirou",
    "kamenridercraft:desire_driver_letter",
    "kamenridercraft:desire_driver_nudge_sparrow",
    "kamenridercraft:desire_driver_lopo",
    "kamenridercraft:desire_driver_groovy",
    "kamenridercraft:desire_driver_hakubi",
    "kamenridercraft:desire_driver_turbon",
    "kamenridercraft:desire_driver_brali",
    "kamenridercraft:desire_driver_gya_go",
    "kamenridercraft:desire_driver_butchi",
    "kamenridercraft:desire_driver_seeker",
    "kamenridercraft:desire_driver_revi",
    "kamenridercraft:desire_driver_vice",
	"kamenridercraft:desire_driver_gm",
    "kamenridercraft:desire_driver_gm_chirami",
    "kamenridercraft:desire_driver_keibi_riders",
    "kamenridercraft:desire_driver_the_end_riders"
    ],
    "requirements":{
        "WEAR": {
            "geatsexperience": 20
        }
    },
    "negative_effect":{
        "minecraft:weakness":255,
		"minecraft:slowness":255,
		"minecraft:mining_fatigue":255
    }
}