{
	"isTagFor": [
	"kamenridercraft:blood_orange_lockseed",
    "kamenridercraft:fifteen_lockseed",
    "kamenridercraft:golden_ringo_lockseed",
    "kamenridercraft:silver_ringo_lockseed",
    "kamenridercraft:black_ringo_lockseed",
    "kamenridercraft:forbidden_ringo_lockseed",
	"kamenridercraft:maja_lockseed",
	"kamenridercraft:yomimaru",
	"kamenridercraft:sword_bringer",
	"kamenridercraft:apple_reflecter",
	"kamenridercraft:souginjou",
	"kamenridercraft:dark_daidaimaru",
	"kamenridercraft:maja_yomimaru",
	"kamenridercraft:yomotsu_heguri_lockseed"
	],
    "requirements": {
        "USE": {
            "gaimexperience": 100
        },
		"WEAPON": {
            "gaimexperience": 100
        }
    }
}