{
    "isTagFor":[
	"kamenridercraft:genesis_driver_duke",
    "kamenridercraft:genesis_driver_sigurd",
    "kamenridercraft:genesis_driver_marika",
    "kamenridercraft:genesis_driver_baron_shin",
    "kamenridercraft:genesis_driver_kurokage_shin",
    "kamenridercraft:genesis_driver_tyrant",
    "kamenridercraft:genesis_driver_ryugen_shin"
    ],
    "requirements":{
        "WEAR": {
            "gaimexperience": 40
        }
    },
    "negative_effect":{
        "minecraft:weakness":255,
		"minecraft:slowness":255,
		"minecraft:mining_fatigue":255
    }
}