{
    "isTagFor":[
	"kamenridercraft:sengoku_driver_gaim",
    "kamenridercraft:sengoku_driver_baron",
    "kamenridercraft:sengoku_driver_ryugen",
    "kamenridercraft:sengoku_driver_zangetsu",
    "kamenridercraft:sengoku_driver_gridon",
    "kamenridercraft:sengoku_driver_kurokage",
	"kamenridercraft:sengoku_driver_kurokage_troopers",
	"kamenridercraft:sengoku_driver_black_baron",
	"kamenridercraft:sengoku_driver_gaim_natsumikan",
    "kamenridercraft:sengoku_driver_proto_gaim",
    "kamenridercraft:sengoku_driver_proto_baron",
    "kamenridercraft:sengoku_driver_proto_ryugen",
    "kamenridercraft:sengoku_driver_proto_gridon",
    "kamenridercraft:sengoku_driver_proto_bravo"
    ],
    "requirements":{
        "WEAR": {
            "gaimexperience": 20
        }
    },
    "negative_effect":{
        "minecraft:weakness":255,
		"minecraft:slowness":255,
		"minecraft:mining_fatigue":255
    }
}