{
	"isTagFor": [
	"kamenridercraft:gekitotsu_robots_gashat",
	"kamenridercraft:doremifa_beat_gashat",
	"kamenridercraft:jet_combat_gashat",
	"kamenridercraft:shakariki_sports_gashat",
	"kamenridercraft:proto_gekitotsu_robots_gashat",
	"kamenridercraft:proto_doremifa_beat_gashat",
	"kamenridercraft:proto_jet_combat_gashat",
	"kamenridercraft:proto_shakariki_sports_gashat",
	"kamenridercraft:famitsa_gashat",
	"kamenridercraft:xevious_gashat",
	"kamenridercraft:galaxian_gashat",
	"kamenridercraft:gashacon_sparrow_sickle_a",
	"kamenridercraft:gashacon_sparrow_sickle_b",
	"kamenridercraft:gashacon_sparrow_arrow"
	],
    "requirements": {
        "USE": {
            "exaidexperience": 25
        },
		"WEAPON": {
            "exaidexperience": 25
        }
    }
}