{
	"isTagFor": [
      "kamenridercraft:magnum_raise_buckle",
      "kamenridercraft:boost_raise_buckle",
      "kamenridercraft:zombie_raise_buckle",
      "kamenridercraft:ninja_raise_buckle",
      "kamenridercraft:monster_raise_buckle",
      "kamenridercraft:beat_raise_buckle",
      "kamenridercraft:shark_raise_buckle",
	  "kamenridercraft:magnum_shooter_40x",
	"kamenridercraft:magnum_shooter_40x_rifle",
	"kamenridercraft:zombie_breaker",
	"kamenridercraft:zombie_breaker_poison_charge",
	"kamenridercraft:beat_axe",
	"kamenridercraft:ninja_dueler",
	"kamenridercraft:ninja_dueler_twin_blade_mode",
	"kamenridercraft:ninja_dueler_twin_blade_mode2"
	],
    "requirements": {
        "USE": {
            "geatsexperience": 30
        },
		"WEAPON": {
           "geatsexperience": 30
        }
    }
}