{
	"isTagFor": [
  "kamenridercraft:amazing_hercules_progrisekey",
    "kamenridercraft:crushing_buffalo_progrisekey",
    "kamenridercraft:exciting_stag_progrisekey",
    "kamenridercraft:gatling_hedgehog_progrisekey",
    "kamenridercraft:trapping_spider_progrisekey",
    "kamenridercraft:storming_penguin_progrisekey",
    "kamenridercraft:hopping_kangaroo_progrisekey",
    "kamenridercraft:splashing_whale_progrisekey",
    "kamenridercraft:dynamaiting_lion_progrisekey",
    "kamenridercraft:scouting_panda_progrisekey",
    "kamenridercraft:invading_horseshoe_crab_progrisekey",
	"kamenridercraft:sparking_giraffe_progrisekey"
	],
    "requirements": {
        "USE": {
            "zerooneexperience": 65
        },
		"WEAPON": {
            "zerooneexperience": 65
        }
    }
}