{
    "isTagFor":[
	 "kamenridercraft:raidriser_battle",
    "kamenridercraft:raidriser_buffalo",
    "kamenridercraft:raidriser_whale",
    "kamenridercraft:raidriser_lion",
    "kamenridercraft:raidriser_penguin",
    "kamenridercraft:raidriser_panda",
    "kamenridercraft:raidriser_jackal",
    "kamenridercraft:giger_belt"
    ],
    "requirements":{
        "WEAR": {
            "zerooneexperience": 60
        }
    },
    "negative_effect":{
        "minecraft:weakness":255,
		"minecraft:slowness":255,
		"minecraft:mining_fatigue":255
    }
}