{
	"isTagFor": [
	"kamenridercraft:proto_drago_knight_hunter_z_gashat",
	"kamenridercraft:drago_knight_hunter_z_gashat",
	"kamenridercraft:ju_ju_burger_gashat",
	"kamenridercraft:night_of_safari_gashat",
	"kamenridercraft:bang_bang_tank_gashat",
	"kamenridercraft:pac_adventure_gashat",
	"kamenridercraft:proto_bakusou_bike_combi_fukkatsu_gashat"
	],
    "requirements": {
        "USE": {
            "exaidexperience": 30
        },
		"WEAPON": {
            "exaidexperience": 30
        }
    }
}