{
	"isTagFor": [
	"kamenridercraft:gan_gun_saber_blade",
	"kamenridercraft:gan_gun_saber_nitouryu",
	"kamenridercraft:gan_gun_saber_nitouryu_2",
	"kamenridercraft:gan_gun_saber_gun",
	"kamenridercraft:gan_gun_saber_naginata",
	"kamenridercraft:gan_gun_saber_condor_denwor",
	"kamenridercraft:gan_gun_saber_rifle",
	"kamenridercraft:gan_gun_saber_hammer",
	"kamenridercraft:gan_gun_hand_rod",
	"kamenridercraft:gan_gun_hand_kama"
	],
    "requirements": {
        "USE": {
            "ghostexperience": 20
        },
		"WEAPON": {
            "ghostexperience": 20
        }
    }
}