{
    "isTagFor":[
	"kamenridercraft:greeed_blet_ankh_lost",
	"kamenridercraft:greeed_blet_ankh",
	"kamenridercraft:greeed_blet_uva",
	"kamenridercraft:greeed_blet_kazari",
	"kamenridercraft:greeed_blet_mezool",
	"kamenridercraft:greeed_blet_gamel",
	"kamenridercraft:greeed_blet_muchiri"
    ],
    "requirements":{
        "WEAR": {
            "oooexperience": 130
        }
    },
    "negative_effect":{
        "minecraft:weakness":255,
		"minecraft:slowness":255,
		"minecraft:mining_fatigue":255
    }
}