{
	"isTagFor": [
	"kamenridercraft:kuuga_mighty_card",
	"kamenridercraft:kuuga_growing_card",
    "kamenridercraft:kuuga_dragon_card",
    "kamenridercraft:kuuga_pegasus_card",
    "kamenridercraft:kuuga_titan_card",
	"kamenridercraft:kuuga_rising_mighty_card",
    "kamenridercraft:kuuga_rising_dragon_card",
    "kamenridercraft:kuuga_rising_pegasus_card",
    "kamenridercraft:kuuga_rising_titan_card",
    "kamenridercraft:kuuga_amazing_mighty_card"
  ],
    "requirements": {
        "USE": {
            "decadeexperience": 30
        },
		"WEAPON": {
            "decadeexperience": 30
        }
    }
}