{
    "isTagFor":[
        "kamenridercraft:ichigohead",
		"kamenridercraft:ichigotroso",
		"kamenridercraft:ichigolegs",
		"kamenridercraft:v3head",
		"kamenridercraft:v3troso",
		"kamenridercraft:v3legs",
		"kamenridercraft:xhead",
		"kamenridercraft:xtroso",
		"kamenridercraft:xlegs",
		"kamenridercraft:amazonhead",
		"kamenridercraft:amazontroso",
		"kamenridercraft:amazonlegs",
		"kamenridercraft:strongerhead",
		"kamenridercraft:strongertroso",
		"kamenridercraft:strongerlegs",
		"kamenridercraft:skyriderhead",
		"kamenridercraft:skyridertroso",
		"kamenridercraft:skyriderlegs",
		"kamenridercraft:super_1head",
		"kamenridercraft:super_1troso",
		"kamenridercraft:super_1legs",
		"kamenridercraft:zxhead",
		"kamenridercraft:zxtroso",
		"kamenridercraft:zxlegs",
		"kamenridercraft:blackhead",
		"kamenridercraft:blacktroso",
		"kamenridercraft:blacklegs",
		"kamenridercraft:rxhead",
		"kamenridercraft:rxtroso",
		"kamenridercraft:rxlegs",
		"kamenridercraft:shinhead",
		"kamenridercraft:shintroso",
		"kamenridercraft:shinlegs",
		"kamenridercraft:zohead",
		"kamenridercraft:zotroso",
		"kamenridercraft:zolegs",
		"kamenridercraft:jhead",
		"kamenridercraft:jtroso",
		"kamenridercraft:jlegs"
    ],
    "requirements":{
        "WEAR": {
            "riderspirit": 20
        }
    },
    "negative_effect":{
        "minecraft:weakness":255,
		"minecraft:slowness":255,
		"minecraft:mining_fatigue":255
    }
}