{
    "isTagFor":[
	 "kamenridercraft:hiden_zero_one_driver",
	"kamenridercraft:shotriser_vulcan",
    "kamenridercraft:shotriser_valkyrie",
	 "kamenridercraft:shot_abaddo_riser",
    "kamenridercraft:slash_abaddo_riser",
    "kamenridercraft:slash_abaddo_riser_r",
    "kamenridercraft:shot_abaddo_riser_g",
    "kamenridercraft:shot_abaddo_riser_b",
    "kamenridercraft:slash_abaddo_riser_o"
    ],
    "requirements":{
        "WEAR": {
            "zerooneexperience": 20
        }
    },
    "negative_effect":{
        "minecraft:weakness":255,
		"minecraft:slowness":255,
		"minecraft:mining_fatigue":255
    }
}