{
    "isTagFor":[
        "kamenridercraft:drag_shield_vent",
		"kamenridercraft:ryuki_trick_vent",
		"kamenridercraft:drag_shield_vent_form",
		"kamenridercraft:wing_wall_vent",
		"kamenridercraft:knight_trick_vent",
		"kamenridercraft:shell_defense_vent",
		"kamenridercraft:giga_armor_vent",
		"kamenridercraft:giga_cannon_vent",
		"kamenridercraft:giga_launcher_vent",
		"kamenridercraft:giga_tector_vent",
		"kamenridercraft:evil_whip_vent",
		"kamenridercraft:drag_shield",
		"kamenridercraft:shell_defense",
		"kamenridercraft:giga_armor",
		"kamenridercraft:giga_cannon",
		"kamenridercraft:giga_launcher",
		"kamenridercraft:evil_whip"
    ],
    "requirements": {
        "USE": {
            "ryukiexperience": 32
        },
		"WEAPON": {
            "ryukiexperience": 32
        }
    }
}