{
	"isTagFor": [
    "kamenridercraft:revice_lasher",
	"kamenridercraft:eagle_vistamp",
    "kamenridercraft:mammoth_vistamp",
    "kamenridercraft:megalodon_vistamp",
    "kamenridercraft:ptera_vistamp",
    "kamenridercraft:lion_vistamp",
    "kamenridercraft:jackal_vistamp",
    "kamenridercraft:kong_vistamp",
    "kamenridercraft:kamakiri_vistamp",
    "kamenridercraft:brachio_vistamp",
    "kamenridercraft:neo_batta_vistamp",
    "kamenridercraft:kangaroo_vistamp",
    "kamenridercraft:kirin_vistamp",
    "kamenridercraft:niwatori_vistamp",
    "kamenridercraft:funkorogashi_vistamp",
	"kamenridercraft:mammoth_gasher",
    "kamenridercraft:kamakiric_arrow"
	],
    "requirements": {
        "USE": {
             "reviceexperience": 25
        },
		"WEAPON": {
            "reviceexperience": 25
        }
    }
}