{
    "isTagFor":[
	"kamenridercraft:vision_driver_glare",
    "kamenridercraft:vision_driver_gazer",
    "kamenridercraft:vision_driver_glare2",
    "kamenridercraft:vision_driver_gazer_suel",
    "kamenridercraft:vision_driver_jyamato_glare",
	"kamenridercraft:raise_riser_belt_ziin",
    "kamenridercraft:raise_riser_belt_kekera",
    "kamenridercraft:raise_riser_belt_kyuun",
    "kamenridercraft:raise_riser_belt_beroba"
    ],
    "requirements":{
        "WEAR": {
            "geatsexperience": 110
        }
    },
    "negative_effect":{
        "minecraft:weakness":255,
		"minecraft:slowness":255,
		"minecraft:mining_fatigue":255
    }
}