{
	"isTagFor": [
	"kamenridercraft:den_o_sword_card",
	"kamenridercraft:den_o_plat_card",
    "kamenridercraft:den_o_rod_card",
    "kamenridercraft:den_o_ax_card",
    "kamenridercraft:den_o_gun_card",
    "kamenridercraft:den_o_wing_card",
    "kamenridercraft:den_o_climax_card",
	"kamenridercraft:den_o_utchari_card",
    "kamenridercraft:den_o_tsuppari_card",
    "kamenridercraft:den_o_kotaewa_kiite_nai_card",
    "kamenridercraft:den_o_nakerude_card",
    "kamenridercraft:den_o_bokuni_tsurarete_miru_card",
    "kamenridercraft:den_o_ore_sanjou_card"
  ],
    "requirements": {
        "USE": {
            "decadeexperience": 80
        },
		"WEAPON": {
            "decadeexperience": 80
        }
    }
}