{
    "isTagFor":[
        "kamenridercraft:typhoon_ichigo",
		"kamenridercraft:typhoon_nigo",
		"kamenridercraft:double_typhoon",
		"kamenridercraft:riderman_belt",
		"kamenridercraft:ridol",
		"kamenridercraft:condorer",
		"kamenridercraft:electrer",
		"kamenridercraft:tornado",
		"kamenridercraft:cyclode",
		"kamenridercraft:zx_belt",
		"kamenridercraft:vital_charger",
		"kamenridercraft:sun_riser",
		"kamenridercraft:grasshopper_dna",
		"kamenridercraft:zo_core",
		"kamenridercraft:j_spirit"
    ],
    "requirements":{
        "WEAR": {
			"riderspirit": 20
        }
    },
    "negative_effect":{
        "minecraft:weakness":255,
		"minecraft:slowness":255,
		"minecraft:mining_fatigue":255
    }
}