{
	"isTagFor": [
	"kamenridercraft:rabbittank_sparkling_full_bottle",
	"kamenridercraft:phoenix_full_bottle",
    "kamenridercraft:robot_full_bottle",
    "kamenridercraft:wolf_full_bottle",
    "kamenridercraft:smapho_full_bottle",
    "kamenridercraft:unicorn_full_bottle",
    "kamenridercraft:keshigomu_full_bottle",
    "kamenridercraft:rose_full_bottle",
    "kamenridercraft:helicopter_full_bottle",
    "kamenridercraft:turtle_full_bottle",
    "kamenridercraft:watch_full_bottle",
    "kamenridercraft:kuma_full_bottle",
    "kamenridercraft:televi_full_bottle",
    "kamenridercraft:kabutomushi_full_bottle",
    "kamenridercraft:camera_full_bottle",
    "kamenridercraft:spider_full_bottle",
    "kamenridercraft:reizouko_full_bottle",
    "kamenridercraft:dog_full_bottle",
    "kamenridercraft:mic_full_bottle",
    "kamenridercraft:santa_claus_full_bottle",
    "kamenridercraft:cake_full_bottle"
	],
    "requirements": {
        "USE": {
            "buildexperience": 45
        },
		"WEAPON": {
            "buildexperience": 45
        }
    }
}