{
    "isTagFor":[
	"kamenridercraft:sengoku_driver_bujin_gaim",
    "kamenridercraft:sengoku_driver_fifteen",
    "kamenridercraft:sengoku_driver_mars",
    "kamenridercraft:sengoku_driver_kamuro",
    "kamenridercraft:sengoku_driver_jam",
	"kamenridercraft:sengoku_driver_maja"
    ],
    "requirements":{
        "WEAR": {
            "gaimexperience": 100
        }
    },
    "negative_effect":{
        "minecraft:weakness":255,
		"minecraft:slowness":255,
		"minecraft:mining_fatigue":255
    }
}