{
    "isTagFor":[
        "kamenridercraft:ongekibo_rekka",
	"kamenridercraft:ongekibo_yamase",
	"kamenridercraft:ongekibo_rakurai",
	"kamenridercraft:ongekibo_shakubyoushi",
	"kamenridercraft:ongekibo_nachiguro",
	"kamenridercraft:ongekibo_rokushou",
	"kamenridercraft:ongekibo_gouriki",
	"kamenridercraft:ongekibo_ressui",
	"kamenridercraft:ongekikan_reppuu",
	"kamenridercraft:ongekigen_retsurai",
	"kamenridercraft:ongeki_shingen_retsuzan",
	"kamenridercraft:ongekigen_enma",
	"kamenridercraft:ongekigen_togenkyo",
	"kamenridercraft:echo_sword_onsaken",
	"kamenridercraft:ongekikanabo_retto",
	"kamenridercraft:ongekisankaku_ressetsu",
	"kamenridercraft:ongeki_shincho_retsuban"
    ],
    "requirements": {
        "USE": {
            "hibikiexperience": 20
        },
		"WEAPON": {
            "hibikiexperience": 20
        }
    }
}