{
    "isTagFor":[
        "kamenridercraft:v_buckle_ouja",
		"kamenridercraft:v_buckle_gai",
		"kamenridercraft:v_buckle_imperer",
		"kamenridercraft:v_buckle_tiger",
		"kamenridercraft:v_buckle_verde",
		"kamenridercraft:v_buckle_femme",
		"kamenridercraft:alternative_v_buckle",
		"kamenridercraft:alternative_zero_v_buckle"
    ],
    "requirements":{
        "WEAR": {
			"ryukiexperience": 35
        }
    },
    "negative_effect":{
        "minecraft:weakness":255,
		"minecraft:slowness":255,
		"minecraft:mining_fatigue":255
    }
}