{
	"isTagFor": [
	"kamenridercraft:watermelon_lockseed",
    "kamenridercraft:zakuro_lockseed",
	"kamenridercraft:lychee_lockseed",
    "kamenridercraft:king_durian_lockseed",
	"kamenridercraft:helheim_lockseed",
	"kamenridercraft:watermelon_defender",
	"kamenridercraft:saver_arrow",
	"kamenridercraft:shine_donkachi",
	"kamenridercraft:hells_cane",
	"kamenridercraft:shine_lychee_sword",
	"kamenridercraft:king_duri_noko"
	],
    "requirements": {
        "USE": {
            "gaimexperience": 140
        },
		"WEAPON": {
            "gaimexperience": 140
        }
    }
}