{
	"isTagFor": [
"kamenridercraft:tora_full_bottle",
    "kamenridercraft:ufo_full_bottle",
    "kamenridercraft:kujira_full_bottle",
    "kamenridercraft:jet_full_bottle",
    "kamenridercraft:shika_full_bottle",
    "kamenridercraft:pyramid_full_bottle",
    "kamenridercraft:kirin_full_bottle",
    "kamenridercraft:senpuuki_full_bottle",
    "kamenridercraft:penguin_full_bottle",
    "kamenridercraft:skebo_full_bottle",
    "kamenridercraft:same_full_bottle",
    "kamenridercraft:bike_full_bottle",
    "kamenridercraft:hachi_full_bottle",
    "kamenridercraft:sensuikan_full_bottle",
    "kamenridercraft:sai_full_bottle",
    "kamenridercraft:dryer_full_bottle",
    "kamenridercraft:bat_full_bottle",
    "kamenridercraft:engine_full_bottle",
    "kamenridercraft:obake_full_bottle",
    "kamenridercraft:magnet_full_bottle"
	],
    "requirements": {
        "USE": {
            "buildexperience": 70
        },
		"WEAPON": {
            "buildexperience": 70
        }
    }
}