{
    "isTagFor":[
     "kamenridercraft:hibikidriver",
	"kamenridercraft:ibukidriver",
	"kamenridercraft:todorokidriver",
	"kamenridercraft:zankidriver",
	"kamenridercraft:kabukidriver",
	"kamenridercraft:toukidriver",
	"kamenridercraft:kiramekidriver",
	"kamenridercraft:habatakidriver",
	"kamenridercraft:nishikidriver",
	"kamenridercraft:kyosukedriver",
	"kamenridercraft:dankidriver",
	"kamenridercraft:eikidriver",
	"kamenridercraft:goukidriver",
	"kamenridercraft:tokidriver",
	"kamenridercraft:shoukidriver",
	"kamenridercraft:amakidriver",
	"kamenridercraft:shukidriver",
	"kamenridercraft:bankidriver",
	"kamenridercraft:sabakidriver",
	"kamenridercraft:fubukidriver"
    ],
    "requirements":{
        "WEAR": {
            "hibikiexperience": 20
        }
    },
    "negative_effect":{
        "minecraft:weakness":255,
		"minecraft:slowness":255,
		"minecraft:mining_fatigue":255
    }
}