{
    "isTagFor":[
	 "kamenridercraft:zetsumeriser_berotha",
    "kamenridercraft:zetsumeriser_kuehne",
    "kamenridercraft:zetsumeriser_ekal",
    "kamenridercraft:zetsumeriser_neohi",
    "kamenridercraft:zetsumeriser_onycho",
    "kamenridercraft:zetsumeriser_vicarya",
    "kamenridercraft:zetsumeriser_gaeru",
    "kamenridercraft:zetsumeriser_mammoth",
    "kamenridercraft:zetsumeriser_dodo",
    "kamenridercraft:zetsumeriser_dodo_custom",
    "kamenridercraft:zetsumeriser_dodo_custom_two",
	"kamenridercraft:zetsumeriser_arsino"
    ],
    "requirements":{
        "WEAR": {
            "zerooneexperience": 25
        }
    },
    "negative_effect":{
        "minecraft:weakness":255,
		"minecraft:slowness":255,
		"minecraft:mining_fatigue":255
    }
}