{
	"isTagFor": [
	"kamenridercraft:cyclone_memory",
	"kamenridercraft:heat_memory",
	"kamenridercraft:luna_memory",
	"kamenridercraft:joker_memory",
	"kamenridercraft:metal_memory",
	"kamenridercraft:trigger_memory",
	"kamenridercraft:shippu_memory",
	"kamenridercraft:kirifuda_memory",
	"kamenridercraft:metal_shaft",
	"kamenridercraft:trigger_magnum"
  ],
    "requirements": {
        "USE": {
            "doubleexperience": 20
        },
		"WEAPON": {
            "doubleexperience": 20
        }
    }
}