{
	"isTagFor": [
      "kamenridercraft:arrow_raise_buckle",
      "kamenridercraft:water_raise_buckle",
      "kamenridercraft:hammer_raise_buckle",
      "kamenridercraft:shield_raise_buckle",
      "kamenridercraft:chain_array_raise_buckle",
      "kamenridercraft:claw_raise_buckle",
      "kamenridercraft:drill_raise_buckle",
      "kamenridercraft:propeller_raise_buckle",
	  "kamenridercraft:raise_hammer",
	"kamenridercraft:raise_arrow",
	"kamenridercraft:raise_water",
	"kamenridercraft:raise_shield",
	"kamenridercraft:raise_claw",
	"kamenridercraft:raise_chain_array",
	"kamenridercraft:raise_propeller"
	],
    "requirements": {
        "USE": {
            "geatsexperience": 25
        },
		"WEAPON": {
           "geatsexperience": 25
        }
    }
}