{
    "isTagFor":[
        "kamenridercraft:drag_blade_vent",
		"kamenridercraft:drag_visor_zwei_vent",
        "kamenridercraft:dark_blade_vent",
		"kamenridercraft:dark_visor_zwei_vent",
		"kamenridercraft:dark_arrow_vent",
		"kamenridercraft:evil_visor_zwei_vent",
		"kamenridercraft:veno_visor_zwei_vent",
        "kamenridercraft:drag_blade",
		"kamenridercraft:drag_visor_zwei",
        "kamenridercraft:dark_blade",
		"kamenridercraft:dark_visor_zwei",
		"kamenridercraft:dark_arrow",
		"kamenridercraft:evil_visor_zwei",
		"kamenridercraft:veno_visor_zwei"
    ],
    "requirements": {
        "USE": {
            "ryukiexperience": 105
        },
		"WEAPON": {
            "ryukiexperience": 105
        }
    }
}