{
	"isTagFor": [
	"kamenridercraft:donguri_lockseed",
    "kamenridercraft:melon_lockseed",
    "kamenridercraft:pine_lockseed",
    "kamenridercraft:ichigo_lockseed",
    "kamenridercraft:orange_lockseed",
    "kamenridercraft:banana_lockseed",
    "kamenridercraft:budou_lockseed",
    "kamenridercraft:mango_lockseed",
    "kamenridercraft:durian_lockseed",
    "kamenridercraft:kiwi_lockseed",
	"kamenridercraft:matsubokkuri_lockseed",
	"kamenridercraft:blood_orange_lockseed",
	"kamenridercraft:kabi_orange_lockseed",
    "kamenridercraft:fresh_orange_lockseed",
    "kamenridercraft:fresh_pine_lockseed",
	"kamenridercraft:kagematsu",
	"kamenridercraft:donkachi",
	"kamenridercraft:melon_defender",
	"kamenridercraft:pine_iron",
	"kamenridercraft:ichigo_kunai",
	"kamenridercraft:daidaimaru",
	"kamenridercraft:banana_spear",
	"kamenridercraft:budou_ryuhou",
	"kamenridercraft:mango_punisher",
	"kamenridercraft:duri_noko",
	"kamenridercraft:kiwi_gekirin",
	"kamenridercraft:musou_saber",
	"kamenridercraft:musou_saber_naginata",
	"kamenridercraft:lemon_rapier",
	"kamenridercraft:blood_daidaimaru",
	"kamenridercraft:musou_saber_naginata",
	"kamenridercraft:blood_musou_saber_naginata",
	"kamenridercraft:musou_saber_kusarigama",
	"kamenridercraft:kagematsu_shin",
	"kamenridercraft:dark_daidaimaru",
	"kamenridercraft:kabi_daidaimaru"
  ],
    "requirements": {
        "USE": {
            "gaimexperience": 20
        },
		"WEAPON": {
            "gaimexperience": 20
        }
    }
}