{
  "vein_data": {
    "consumeAmount": 1
  },
  "nbt_xp_values": {
    "GROW": [],
    "BREAK_SPEED": [],
    "BLOCK_PLACE": [],
    "ACTIVATE_BLOCK": [],
    "BLOCK_BREAK": [],
    "HIT_BLOCK": []
  },
  "nbt_requirements": {
    "INTERACT": [],
    "PLACE": [],
    "BREAK": []
  },
  "xp_values": {
    "GROW": {},
    "BREAK_SPEED": {},
    "BLOCK_PLACE": {},
    "ACTIVATE_BLOCK": {},
    "BLOCK_BREAK": {
		"kuugaexperience": 25
	},
    "HIT_BLOCK": {}
  },
  "override": true,
  "isTagFor": [],
  "requirements": {
    "INTERACT": {},
    "PLACE": {},
    "BREAK": {}
  }
}