{
    "isTagFor": [
        "kamenridercraft:shocker_combatman",
        "kamenridercraft:destron_combatman",
        "kamenridercraft:god_warfare_agent",
		"kamenridercraft:red_follower",
		"kamenridercraft:black_satan_soldier",
		"kamenridercraft:ari_commando",
		"kamenridercraft:dogma_fighter",
		"kamenridercraft:combat_roid",
		"kamenridercraft:chap",
		"kamenridercraft:chap_grey"
    ],
    "xp_values":{
        "DEATH":{
            "riderspirit":15
        }
    },
    "requirements":{
        "KILL": {"riderspirit": 0}
    }
}