{
  "nbt_xp_values": {
    "SWIMMING": [],
    "CROUCH_JUMP": [],
    "SUBMERGED": [],
    "SPRINT_JUMP": [],
    "EFFECT": [],
    "RIDING": [],
    "SWIM_SPRINTING": [],
    "SURFACING": [],
    "SPRINTING": [],
    "BREATH_CHANGE": [],
    "BREED": [],
    "DEATH": [],
    "DIVING": [],
    "DEAL_DAMAGE": [],
    "MITIGATE_DAMAGE": [],
    "JUMP": [],
    "ENTITY": [],
    "SHIELD_BLOCK": [],
    "TAMING": [],
    "CROUCH": [],
    "RECEIVE_DAMAGE": []
  },
  "damage_type_xp": {
    "DEAL_DAMAGE": {
	},
    "RECEIVE_DAMAGE": {}
  },
  "nbt_damage_type_xp": {
    "DEAL_DAMAGE": {},
    "RECEIVE_DAMAGE": {}
  },
  "nbt_requirements": {
    "ENTITY_INTERACT": [],
    "BREED": [],
    "RIDE": [],
    "KILL": [],
    "TAME": []
  },
  "xp_values": {
    "SWIMMING": {},
    "CROUCH_JUMP": {},
    "SUBMERGED": {},
    "SPRINT_JUMP": {},
    "EFFECT": {},
    "RIDING": {},
    "SWIM_SPRINTING": {},
    "SURFACING": {},
    "SPRINTING": {},
    "BREATH_CHANGE": {},
    "BREED": {},
    "DEATH": {
		"zerooneexperience": 35
	},
    "DIVING": {},
    "DEAL_DAMAGE": {},
    "MITIGATE_DAMAGE": {},
    "JUMP": {},
    "ENTITY": {},
    "SHIELD_BLOCK": {},
    "TAMING": {},
    "CROUCH": {},
    "RECEIVE_DAMAGE": {
	}
  },
  "override": true,
  "isTagFor": [
  "kamenridercraft:magia",
    "kamenridercraft:giger",
    "kamenridercraft:horobi",
    "kamenridercraft:jin",
    "kamenridercraft:ikazuchi",
	"kamenridercraft:dodo_magia",
    "kamenridercraft:raider",
	"kamenridercraft:abaddon_commander"
	],
  "requirements": {
    "ENTITY_INTERACT": {},
    "BREED": {},
    "RIDE": {},
    "KILL": {},
    "TAME": {}
  }
}